Course Code,Course Title,Start Date,Start Time,Partner,Days,Status,Retail Price,Epic Price,CW Included,Last Updated,Student Count,Registration Link
AWS-ADVARC,AWS-ADVARC: Advanced Architecting on AWS (AWS-ARCH-ADV),"Mon, Apr 07, 2025",09:00 CT,Fast Lane US,3,Tentative,"$2,025.00","$1,215.00",Y,,0,https://www.epiclearningnetwork.com/courses/registration-request/?course_id=948&class_id=28306
AWS-ADVARC,AWS-ADVARC: Advanced Architecting on AWS (AWS-ARCH-ADV),"Mon, Jun 09, 2025",09:00 ET,Fast Lane US,3,Tentative,"$2,025.00","$1,215.00",Y,,0,https://www.epiclearningnetwork.com/courses/registration-request/?course_id=948&class_id=28295
AWS-ADVARC,AWS-ADVARC: Advanced Architecting on AWS (AWS-ARCH-ADV),"Mon, Aug 11, 2025",09:00 PT,Fast Lane US,3,Tentative,"$2,025.00","$1,215.00",Y,,0,https://www.epiclearningnetwork.com/courses/registration-request/?course_id=948&class_id=28311
AWS-ADVARC,AWS-ADVARC: Advanced Architecting on AWS (AWS-ARCH-ADV),"Mon, Oct 13, 2025",09:00 CT,Fast Lane US,3,Tentative,"$2,025.00","$1,215.00",Y,,0,https://www.epiclearningnetwork.com/courses/registration-request/?course_id=948&class_id=28293
AWS-ADVARC,AWS-ADVARC: Advanced Architecting on AWS (AWS-ARCH-ADV),"Mon, Dec 15, 2025",09:00 ET,Fast Lane US,3,Tentative,"$2,025.00","$1,215.00",Y,,0,https://www.epiclearningnetwork.com/courses/registration-request/?course_id=948&class_id=28290
AWS-ARCHIT,AWS-ARCHIT: AWS ARCH – Architecting on Amazon Web Services,"Tue, Apr 08, 2025",09:00 CT,Fast Lane US,3,Tentative,"$2,025.00","$1,215.00",Y,,0,https://www.epiclearningnetwork.com/courses/registration-request/?course_id=949&class_id=28330
AWS-ARCHIT,AWS-ARCHIT: AWS ARCH – Architecting on Amazon Web Services,"Tue, Jun 10, 2025",09:00 ET,Fast Lane US,3,Tentative,"$2,025.00","$1,215.00",Y,,0,https://www.epiclearningnetwork.com/courses/registration-request/?course_id=949&class_id=28338
AWS-ARCHIT,AWS-ARCHIT: AWS ARCH – Architecting on Amazon Web Services,"Tue, Aug 12, 2025",09:00 PT,Fast Lane US,3,Tentative,"$2,025.00","$1,215.00",Y,,0,https://www.epiclearningnetwork.com/courses/registration-request/?course_id=949&class_id=28357
AWS-ARCHIT,AWS-ARCHIT: AWS ARCH – Architecting on Amazon Web Services,"Tue, Oct 14, 2025",09:00 CT,Fast Lane US,3,Tentative,"$2,025.00","$1,215.00",Y,,0,https://www.epiclearningnetwork.com/courses/registration-request/?course_id=949&class_id=28355
AWS-ARCHIT,AWS-ARCHIT: AWS ARCH – Architecting on Amazon Web Services,"Tue, Dec 16, 2025",09:00 ET,Fast Lane US,3,Tentative,"$2,025.00","$1,215.00",Y,,0,https://www.epiclearningnetwork.com/courses/registration-request/?course_id=949&class_id=28336
AWS-DEVOPS,AWS-DEVOPS: DevOps Engineering on AWS,"Mon, Mar 10, 2025",09:00 CT,Fast Lane US,3,Tentative,"$2,025.00","$1,215.00",Y,,0,https://www.epiclearningnetwork.com/courses/registration-request/?course_id=954&class_id=29154
AWS-DEVOPS,AWS-DEVOPS: DevOps Engineering on AWS,"Mon, May 12, 2025",09:00 ET,Fast Lane US,3,Tentative,"$2,025.00","$1,215.00",Y,,0,https://www.epiclearningnetwork.com/courses/registration-request/?course_id=954&class_id=29136
AWS-DEVOPS,AWS-DEVOPS: DevOps Engineering on AWS,"Mon, Jul 14, 2025",09:00 PT,Fast Lane US,3,Tentative,"$2,025.00","$1,215.00",Y,,0,https://www.epiclearningnetwork.com/courses/registration-request/?course_id=954&class_id=29133
AWS-DEVOPS,AWS-DEVOPS: DevOps Engineering on AWS,"Mon, Sep 15, 2025",09:00 CT,Fast Lane US,3,Tentative,"$2,025.00","$1,215.00",Y,,0,https://www.epiclearningnetwork.com/courses/registration-request/?course_id=954&class_id=29149
AWS-DEVOPS,AWS-DEVOPS: DevOps Engineering on AWS,"Mon, Nov 17, 2025",09:00 ET,Fast Lane US,3,Tentative,"$2,025.00","$1,215.00",Y,,0,https://www.epiclearningnetwork.com/courses/registration-request/?course_id=954&class_id=29141
AWS-DODEVA,AWS-DODEVA: AWS DEV – Developing on Amazon Web Services,"Tue, Apr 08, 2025",09:00 CT,Fast Lane US,3,Tentative,"$2,025.00","$1,215.00",Y,,0,https://www.epiclearningnetwork.com/courses/registration-request/?course_id=955&class_id=28277
AWS-DODEVA,AWS-DODEVA: AWS DEV – Developing on Amazon Web Services,"Tue, Jun 10, 2025",09:00 ET,Fast Lane US,3,Tentative,"$2,025.00","$1,215.00",Y,,0,https://www.epiclearningnetwork.com/courses/registration-request/?course_id=955&class_id=28276
AWS-DODEVA,AWS-DODEVA: AWS DEV – Developing on Amazon Web Services,"Tue, Aug 12, 2025",09:00 PT,Fast Lane US,3,Tentative,"$2,025.00","$1,215.00",Y,,0,https://www.epiclearningnetwork.com/courses/registration-request/?course_id=955&class_id=28283
AWS-DODEVA,AWS-DODEVA: AWS DEV – Developing on Amazon Web Services,"Tue, Oct 14, 2025",09:00 CT,Fast Lane US,3,Tentative,"$2,025.00","$1,215.00",Y,,0,https://www.epiclearningnetwork.com/courses/registration-request/?course_id=955&class_id=28308
AWS-DODEVA,AWS-DODEVA: AWS DEV – Developing on Amazon Web Services,"Tue, Dec 16, 2025",09:00 ET,Fast Lane US,3,Tentative,"$2,025.00","$1,215.00",Y,,0,https://www.epiclearningnetwork.com/courses/registration-request/?course_id=955&class_id=28301
AWS-SISECO,AWS-SISECO: Security Engineering on AWS,"Mon, Mar 10, 2025",09:00 CT,Fast Lane US,3,Tentative,"$2,025.00","$1,215.00",Y,,0,https://www.epiclearningnetwork.com/courses/registration-request/?course_id=957&class_id=29151
AWS-SISECO,AWS-SISECO: Security Engineering on AWS,"Mon, May 12, 2025",09:00 ET,Fast Lane US,3,Tentative,"$2,025.00","$1,215.00",Y,,0,https://www.epiclearningnetwork.com/courses/registration-request/?course_id=957&class_id=29157
AWS-SISECO,AWS-SISECO: Security Engineering on AWS,"Mon, Jul 14, 2025",09:00 PT,Fast Lane US,3,Tentative,"$2,025.00","$1,215.00",Y,,0,https://www.epiclearningnetwork.com/courses/registration-request/?course_id=957&class_id=29165
AWS-SISECO,AWS-SISECO: Security Engineering on AWS,"Mon, Sep 15, 2025",09:00 CT,Fast Lane US,3,Tentative,"$2,025.00","$1,215.00",Y,,0,https://www.epiclearningnetwork.com/courses/registration-request/?course_id=957&class_id=29147
AWS-SISECO,AWS-SISECO: Security Engineering on AWS,"Mon, Nov 17, 2025",09:00 ET,Fast Lane US,3,Tentative,"$2,025.00","$1,215.00",Y,,0,https://www.epiclearningnetwork.com/courses/registration-request/?course_id=957&class_id=29139
AWS-SYSOPS,AWS-SYSOPS: Systems Operations on AWS,"Tue, Mar 18, 2025",09:00 CT,Fast Lane US,3,Tentative,"$2,025.00","$1,215.00",Y,,0,https://www.epiclearningnetwork.com/courses/registration-request/?course_id=958&class_id=28307
AWS-SYSOPS,AWS-SYSOPS: Systems Operations on AWS,"Tue, May 20, 2025",09:00 ET,Fast Lane US,3,Tentative,"$2,025.00","$1,215.00",Y,,0,https://www.epiclearningnetwork.com/courses/registration-request/?course_id=958&class_id=28278
AWS-TECESS,AWS-TECESS: AWS ESS – Amazon Web Services Technical Essentials,"Mon, Mar 17, 2025",09:00 CT,Fast Lane US,1,Tentative,$675.00,$405.00,Y,,0,https://www.epiclearningnetwork.com/courses/registration-request/?course_id=959&class_id=28315
AWS-TECESS,AWS-TECESS: AWS ESS – Amazon Web Services Technical Essentials,"Mon, Apr 07, 2025",09:00 CT,Fast Lane US,1,Tentative,$675.00,$405.00,Y,,0,https://www.epiclearningnetwork.com/courses/registration-request/?course_id=959&class_id=28289
AWS-TECESS,AWS-TECESS: AWS ESS – Amazon Web Services Technical Essentials,"Mon, May 19, 2025",09:00 ET,Fast Lane US,1,Tentative,$675.00,$405.00,Y,,0,https://www.epiclearningnetwork.com/courses/registration-request/?course_id=959&class_id=28285
AWS-TECESS,AWS-TECESS: AWS ESS – Amazon Web Services Technical Essentials,"Mon, Jun 09, 2025",09:00 ET,Fast Lane US,1,Tentative,$675.00,$405.00,Y,,0,https://www.epiclearningnetwork.com/courses/registration-request/?course_id=959&class_id=28309
AWS-TECESS,AWS-TECESS: AWS ESS – Amazon Web Services Technical Essentials,"Mon, Jul 21, 2025",09:00 PT,Fast Lane US,1,Tentative,$675.00,$405.00,Y,,0,https://www.epiclearningnetwork.com/courses/registration-request/?course_id=959&class_id=28962
AWS-TECESS,AWS-TECESS: AWS ESS – Amazon Web Services Technical Essentials,"Mon, Aug 11, 2025",09:00 PT,Fast Lane US,1,Tentative,$675.00,$405.00,Y,,0,https://www.epiclearningnetwork.com/courses/registration-request/?course_id=959&class_id=28959
AWS-TECESS,AWS-TECESS: AWS ESS – Amazon Web Services Technical Essentials,"Mon, Sep 22, 2025",09:00 CT,Fast Lane US,1,Tentative,$675.00,$405.00,Y,,0,https://www.epiclearningnetwork.com/courses/registration-request/?course_id=959&class_id=28912
AWS-TECESS,AWS-TECESS: AWS ESS – Amazon Web Services Technical Essentials,"Mon, Oct 13, 2025",09:00 CT,Fast Lane US,1,Tentative,$675.00,$405.00,Y,,0,https://www.epiclearningnetwork.com/courses/registration-request/?course_id=959&class_id=28917
AWS-TECESS,AWS-TECESS: AWS ESS – Amazon Web Services Technical Essentials,"Mon, Nov 17, 2025",09:00 ET,Fast Lane US,1,Tentative,$675.00,$405.00,Y,,0,https://www.epiclearningnetwork.com/courses/registration-request/?course_id=959&class_id=28924
AWS-TECESS,AWS-TECESS: AWS ESS – Amazon Web Services Technical Essentials,"Mon, Dec 15, 2025",09:00 ET,Fast Lane US,1,Tentative,$675.00,$405.00,Y,,0,https://www.epiclearningnetwork.com/courses/registration-request/?course_id=959&class_id=28933
DCCOR,DCCOR: DCCOR – Implementing Cisco Data Center Core Technologies (DCCOR),"Mon, Apr 28, 2025",09:00 PT,Fast Lane US,5,Tentative,"$4,595.00","$2,297.50",Y,,0,https://www.epiclearningnetwork.com/courses/registration-request/?course_id=1211&class_id=29109
DCCOR,DCCOR: DCCOR – Implementing Cisco Data Center Core Technologies (DCCOR),"Mon, Aug 11, 2025",09:00 ET,Fast Lane US,5,Tentative,"$4,595.00","$2,297.50",Y,,0,https://www.epiclearningnetwork.com/courses/registration-request/?course_id=1211&class_id=29094
DCCOR,DCCOR: DCCOR – Implementing Cisco Data Center Core Technologies (DCCOR),"Mon, Oct 06, 2025",09:00 PT,Fast Lane US,5,Tentative,"$4,595.00","$2,297.50",Y,,0,https://www.epiclearningnetwork.com/courses/registration-request/?course_id=1211&class_id=29118
DCCOR,DCCOR: DCCOR – Implementing Cisco Data Center Core Technologies (DCCOR),"Mon, Dec 01, 2025",09:00 CT,Fast Lane US,5,Tentative,"$4,595.00","$2,297.50",Y,,0,https://www.epiclearningnetwork.com/courses/registration-request/?course_id=1211&class_id=29107
DCCUCS,DCCUCS: DCCUCS – Configuring Cisco Unified Computing System (DCCUCS),"Wed, Apr 02, 2025",09:00 CT,Fast Lane US,3,Tentative,"$3,695.00","$1,847.49",Y,,0,https://www.epiclearningnetwork.com/courses/registration-request/?course_id=1217&class_id=28799
DCCUCS,DCCUCS: DCCUCS – Configuring Cisco Unified Computing System (DCCUCS),"Tue, May 27, 2025",09:00 PT,Fast Lane US,3,Tentative,"$3,695.00","$1,847.49",Y,,0,https://www.epiclearningnetwork.com/courses/registration-request/?course_id=1217&class_id=28800
DCCUCS,DCCUCS: DCCUCS – Configuring Cisco Unified Computing System (DCCUCS),"Wed, Aug 06, 2025",09:00 ET,Fast Lane US,3,Tentative,"$3,695.00","$1,847.49",Y,,0,https://www.epiclearningnetwork.com/courses/registration-request/?course_id=1217&class_id=28801
DCCUCS,DCCUCS: DCCUCS – Configuring Cisco Unified Computing System (DCCUCS),"Mon, Sep 22, 2025",09:00 CT,Fast Lane US,3,Tentative,"$3,695.00","$1,847.49",Y,,0,https://www.epiclearningnetwork.com/courses/registration-request/?course_id=1217&class_id=28802
DCCUCS,DCCUCS: DCCUCS – Configuring Cisco Unified Computing System (DCCUCS),"Tue, Dec 02, 2025",09:00 PT,Fast Lane US,3,Tentative,"$3,695.00","$1,847.49",Y,,0,https://www.epiclearningnetwork.com/courses/registration-request/?course_id=1217&class_id=28803
SISE4,SISE4: SISE – Implementing and Configuring Cisco Identity Services Engine,"Mon, Feb 24, 2025",09:00 CT,Fast Lane US,5,Tentative,"$4,295.00","$2,147.50",Y,,1,https://www.epiclearningnetwork.com/courses/registration-request/?course_id=1584&class_id=28934
SISE4,SISE4: SISE – Implementing and Configuring Cisco Identity Services Engine,"Mon, Apr 21, 2025",09:00 PT,Fast Lane US,5,Tentative,"$4,295.00","$2,147.50",Y,,0,https://www.epiclearningnetwork.com/courses/registration-request/?course_id=1584&class_id=28936
SISE4,SISE4: SISE – Implementing and Configuring Cisco Identity Services Engine,"Mon, Jun 02, 2025",09:00 ET,Fast Lane US,5,Tentative,"$4,295.00","$2,147.50",Y,,0,https://www.epiclearningnetwork.com/courses/registration-request/?course_id=1584&class_id=28952
SISE4,SISE4: SISE – Implementing and Configuring Cisco Identity Services Engine,"Mon, Aug 25, 2025",09:00 CT,Fast Lane US,5,Tentative,"$4,295.00","$2,147.50",Y,,0,https://www.epiclearningnetwork.com/courses/registration-request/?course_id=1584&class_id=28951
SISE4,SISE4: SISE – Implementing and Configuring Cisco Identity Services Engine,"Mon, Oct 13, 2025",09:00 ET,Fast Lane US,5,Tentative,"$4,295.00","$2,147.50",Y,,0,https://www.epiclearningnetwork.com/courses/registration-request/?course_id=1584&class_id=28926
SISE4,SISE4: SISE – Implementing and Configuring Cisco Identity Services Engine,"Mon, Dec 01, 2025",09:00 CT,Fast Lane US,5,Tentative,"$4,295.00","$2,147.50",Y,,0,https://www.epiclearningnetwork.com/courses/registration-request/?course_id=1584&class_id=28910
CCNAv2.1,CCNAv2.1: CCNA – Implementing and Administering Cisco Solutions (v2.1),"Mon, Feb 24, 2025",09:00 ET,Fast Lane US,5,Tentative,"$4,195.00","$2,097.50",Y,,1,https://www.epiclearningnetwork.com/courses/registration-request/?course_id=1684&class_id=28908
CCNAv2.1,CCNAv2.1: CCNA – Implementing and Administering Cisco Solutions (v2.1),"Mon, Mar 10, 2025",09:00 ET,Fast Lane US,5,GTR,"$4,195.00","$2,097.50",Y,,2,https://www.epiclearningnetwork.com/courses/registration-request/?course_id=1684&class_id=28942
CCNAv2.1,CCNAv2.1: CCNA – Implementing and Administering Cisco Solutions (v2.1),"Mon, Apr 07, 2025",09:00 PT,Fast Lane US,5,Tentative,"$4,195.00","$2,097.50",Y,,0,https://www.epiclearningnetwork.com/courses/registration-request/?course_id=1684&class_id=28907
CCNAv2.1,CCNAv2.1: CCNA – Implementing and Administering Cisco Solutions (v2.1),"Mon, May 12, 2025",09:00 ET,Fast Lane US,5,Tentative,"$4,195.00","$2,097.50",Y,,0,https://www.epiclearningnetwork.com/courses/registration-request/?course_id=1684&class_id=28939
CCNAv2.1,CCNAv2.1: CCNA – Implementing and Administering Cisco Solutions (v2.1),"Mon, Jun 23, 2025",09:00 ET,Fast Lane US,5,Tentative,"$4,195.00","$2,097.50",Y,,0,https://www.epiclearningnetwork.com/courses/registration-request/?course_id=1684&class_id=28920
CCNAv2.1,CCNAv2.1: CCNA – Implementing and Administering Cisco Solutions (v2.1),"Mon, Aug 11, 2025",09:00 PT,Fast Lane US,5,Tentative,"$4,195.00","$2,097.50",Y,,0,https://www.epiclearningnetwork.com/courses/registration-request/?course_id=1684&class_id=28954
CCNAv2.1,CCNAv2.1: CCNA – Implementing and Administering Cisco Solutions (v2.1),"Mon, Sep 22, 2025",09:00 CT,Fast Lane US,5,Tentative,"$4,195.00","$2,097.50",Y,,0,https://www.epiclearningnetwork.com/courses/registration-request/?course_id=1684&class_id=28969
CCNAv2.1,CCNAv2.1: CCNA – Implementing and Administering Cisco Solutions (v2.1),"Mon, Nov 03, 2025",09:00 ET,Fast Lane US,5,Tentative,"$4,195.00","$2,097.50",Y,,0,https://www.epiclearningnetwork.com/courses/registration-request/?course_id=1684&class_id=28963
CCNAv2.1,CCNAv2.1: CCNA – Implementing and Administering Cisco Solutions (v2.1),"Mon, Dec 15, 2025",09:00 PT,Fast Lane US,5,Tentative,"$4,195.00","$2,097.50",Y,,0,https://www.epiclearningnetwork.com/courses/registration-request/?course_id=1684&class_id=28902
ENARSI,ENARSI: ENARSI – Implementing Cisco Enterprise Advanced Routing and Services (ENARSI),"Mon, Mar 17, 2025",09:00 ET,Fast Lane US,5,Tentative,"$4,195.00","$2,097.50",Y,,0,https://www.epiclearningnetwork.com/courses/registration-request/?course_id=1233&class_id=28783
ENARSI,ENARSI: ENARSI – Implementing Cisco Enterprise Advanced Routing and Services (ENARSI),"Mon, Apr 14, 2025",09:00 ET,Fast Lane US,5,GTR,"$4,195.00","$2,097.50",Y,,0,https://www.epiclearningnetwork.com/courses/registration-request/?course_id=1233&class_id=28784
ENARSI,ENARSI: ENARSI – Implementing Cisco Enterprise Advanced Routing and Services (ENARSI),"Mon, Jun 09, 2025",09:00 CT,Fast Lane US,5,Tentative,"$4,195.00","$2,097.50",Y,,0,https://www.epiclearningnetwork.com/courses/registration-request/?course_id=1233&class_id=28785
ENC9K,ENC9K: ENC9K – Implementing Cisco Catalyst 9000 Switches (ENC9K),"Thu, May 29, 2025",09:00 ET,Fast Lane US,3,Tentative,"$2,995.00","$1,497.51",Y,,0,https://www.epiclearningnetwork.com/courses/registration-request/?course_id=1240&class_id=28297
ENCOR,ENCOR: ENCOR – Implementing and Operating Cisco Enterprise Network Core Technologies (ENCOR),"Mon, Apr 07, 2025",09:00 PT,Fast Lane US,5,GTR,"$4,295.00","$2,147.50",Y,,0,https://www.epiclearningnetwork.com/courses/registration-request/?course_id=1231&class_id=29095
ENCOR,ENCOR: ENCOR – Implementing and Operating Cisco Enterprise Network Core Technologies (ENCOR),"Mon, May 12, 2025",09:00 ET,Fast Lane US,5,Tentative,"$4,295.00","$2,147.50",Y,,0,https://www.epiclearningnetwork.com/courses/registration-request/?course_id=1231&class_id=29092
ENCOR,ENCOR: ENCOR – Implementing and Operating Cisco Enterprise Network Core Technologies (ENCOR),"Mon, Jun 02, 2025",09:00 CT,Fast Lane US,5,Tentative,"$4,295.00","$2,147.50",Y,,0,https://www.epiclearningnetwork.com/courses/registration-request/?course_id=1231&class_id=29123
ENCOR,ENCOR: ENCOR – Implementing and Operating Cisco Enterprise Network Core Technologies (ENCOR),"Mon, Jul 28, 2025",09:00 ET,Fast Lane US,5,GTR,"$4,295.00","$2,147.50",Y,,0,https://www.epiclearningnetwork.com/courses/registration-request/?course_id=1231&class_id=29122
ENCOR,ENCOR: ENCOR – Implementing and Operating Cisco Enterprise Network Core Technologies (ENCOR),"Mon, Aug 25, 2025",09:00 CT,Fast Lane US,5,Tentative,"$4,295.00","$2,147.50",Y,,0,https://www.epiclearningnetwork.com/courses/registration-request/?course_id=1231&class_id=29104
ENCOR,ENCOR: ENCOR – Implementing and Operating Cisco Enterprise Network Core Technologies (ENCOR),"Mon, Sep 15, 2025",09:00 PT,Fast Lane US,5,Tentative,"$4,295.00","$2,147.50",Y,,0,https://www.epiclearningnetwork.com/courses/registration-request/?course_id=1231&class_id=29103
ENCOR,ENCOR: ENCOR – Implementing and Operating Cisco Enterprise Network Core Technologies (ENCOR),"Mon, Oct 13, 2025",09:00 CT,Fast Lane US,5,Tentative,"$4,295.00","$2,147.50",Y,,0,https://www.epiclearningnetwork.com/courses/registration-request/?course_id=1231&class_id=29108
ENCOR,ENCOR: ENCOR – Implementing and Operating Cisco Enterprise Network Core Technologies (ENCOR),"Mon, Dec 01, 2025",09:00 ET,Fast Lane US,5,GTR,"$4,295.00","$2,147.50",Y,,0,https://www.epiclearningnetwork.com/courses/registration-request/?course_id=1231&class_id=29100
ENWLSD,ENWLSD: ENWLSD – Designing Cisco Enterprise Wireless Networks (ENWLSD),"Mon, Mar 03, 2025",09:00 PT,Fast Lane US,5,Cancelled,"$4,295.00","$2,147.50",Y,02/14/2025,0,
ENWLSD,ENWLSD: ENWLSD – Designing Cisco Enterprise Wireless Networks (ENWLSD),"Mon, Jul 07, 2025",09:00 ET,Fast Lane US,5,Tentative,"$4,295.00","$2,147.50",Y,,0,https://www.epiclearningnetwork.com/courses/registration-request/?course_id=1257&class_id=28364
ENWLSD,ENWLSD: ENWLSD – Designing Cisco Enterprise Wireless Networks (ENWLSD),"Mon, Sep 08, 2025",09:00 PT,Fast Lane US,5,Tentative,"$4,295.00","$2,147.50",Y,,0,https://www.epiclearningnetwork.com/courses/registration-request/?course_id=1257&class_id=28363
ENWLSD,ENWLSD: ENWLSD – Designing Cisco Enterprise Wireless Networks (ENWLSD),"Mon, Nov 10, 2025",09:00 CT,Fast Lane US,5,Tentative,"$4,295.00","$2,147.50",Y,,0,https://www.epiclearningnetwork.com/courses/registration-request/?course_id=1257&class_id=28344
ENWLSI,ENWLSI: ENWLSI – Implementing Cisco Enterprise Wireless Networks (ENWLSI),"Mon, Mar 10, 2025",09:00 CT,Fast Lane US,5,Tentative,"$4,095.00","$2,047.50",Y,,0,https://www.epiclearningnetwork.com/courses/registration-request/?course_id=1259&class_id=29158
ENWLSI,ENWLSI: ENWLSI – Implementing Cisco Enterprise Wireless Networks (ENWLSI),"Mon, May 12, 2025",09:00 PT,Fast Lane US,5,Tentative,"$4,095.00","$2,047.50",Y,,0,https://www.epiclearningnetwork.com/courses/registration-request/?course_id=1259&class_id=29169
ENWLSI,ENWLSI: ENWLSI – Implementing Cisco Enterprise Wireless Networks (ENWLSI),"Mon, Jul 14, 2025",09:00 ET,Fast Lane US,5,Tentative,"$4,095.00","$2,047.50",Y,,0,https://www.epiclearningnetwork.com/courses/registration-request/?course_id=1259&class_id=29146
ENWLSI,ENWLSI: ENWLSI – Implementing Cisco Enterprise Wireless Networks (ENWLSI),"Mon, Sep 15, 2025",09:00 CT,Fast Lane US,5,Tentative,"$4,095.00","$2,047.50",Y,,0,https://www.epiclearningnetwork.com/courses/registration-request/?course_id=1259&class_id=29145
ENWLSI,ENWLSI: ENWLSI – Implementing Cisco Enterprise Wireless Networks (ENWLSI),"Mon, Dec 01, 2025",09:00 PT,Fast Lane US,5,Tentative,"$4,095.00","$2,047.50",Y,,0,https://www.epiclearningnetwork.com/courses/registration-request/?course_id=1259&class_id=29155
EDU-210,EDU-210: Firewall Essentials: Configuration and Management,"Mon, Feb 24, 2025",09:00 ET,Fast Lane US,5,GTR,"$4,995.00","$2,497.50",Y,,10,https://www.epiclearningnetwork.com/courses/registration-request/?course_id=1458&class_id=27812
EDU-210,EDU-210: Firewall Essentials: Configuration and Management,"Mon, Mar 10, 2025",09:00 PT,Fast Lane US,5,Tentative,"$4,995.00","$2,497.50",Y,,0,https://www.epiclearningnetwork.com/courses/registration-request/?course_id=1458&class_id=28294
EDU-210,EDU-210: Firewall Essentials: Configuration and Management,"Mon, Apr 07, 2025",09:00 CT,Fast Lane US,5,GTR,"$4,995.00","$2,497.50",Y,,0,https://www.epiclearningnetwork.com/courses/registration-request/?course_id=1458&class_id=28288
EDU-210,EDU-210: Firewall Essentials: Configuration and Management,"Mon, May 05, 2025",09:00 ET,Fast Lane US,5,GTR,"$4,995.00","$2,497.50",Y,,0,https://www.epiclearningnetwork.com/courses/registration-request/?course_id=1458&class_id=28312
EDU-210,EDU-210: Firewall Essentials: Configuration and Management,"Mon, Jun 23, 2025",09:00 PT,Fast Lane US,5,GTR,"$4,995.00","$2,497.50",Y,,0,https://www.epiclearningnetwork.com/courses/registration-request/?course_id=1458&class_id=28914
EDU-210,EDU-210: Firewall Essentials: Configuration and Management,"Mon, Jul 07, 2025",09:00 ET,Fast Lane US,5,GTR,"$4,995.00","$2,497.50",Y,,0,https://www.epiclearningnetwork.com/courses/registration-request/?course_id=1458&class_id=28955
EDU-210,EDU-210: Firewall Essentials: Configuration and Management,"Mon, Aug 18, 2025",09:00 CT,Fast Lane US,5,GTR,"$4,995.00","$2,497.50",Y,,0,https://www.epiclearningnetwork.com/courses/registration-request/?course_id=1458&class_id=28901
EDU-210,EDU-210: Firewall Essentials: Configuration and Management,"Mon, Sep 15, 2025",09:00 PT,Fast Lane US,5,Tentative,"$4,995.00","$2,497.50",Y,,0,https://www.epiclearningnetwork.com/courses/registration-request/?course_id=1458&class_id=28930
EDU-210,EDU-210: Firewall Essentials: Configuration and Management,"Mon, Oct 06, 2025",09:00 ET,Fast Lane US,5,GTR,"$4,995.00","$2,497.50",Y,,0,https://www.epiclearningnetwork.com/courses/registration-request/?course_id=1458&class_id=28918
EDU-210,EDU-210: Firewall Essentials: Configuration and Management,"Mon, Nov 03, 2025",09:00 CT,Fast Lane US,5,GTR,"$4,995.00","$2,497.50",Y,,0,https://www.epiclearningnetwork.com/courses/registration-request/?course_id=1458&class_id=28947
EDU-210,EDU-210: Firewall Essentials: Configuration and Management,"Mon, Dec 01, 2025",09:00 PT,Fast Lane US,5,Tentative,"$4,995.00","$2,497.50",Y,,0,https://www.epiclearningnetwork.com/courses/registration-request/?course_id=1458&class_id=28961
EDU-220,EDU-220: EDU-220 ΓÇô Pan: Managing Firewalls at Scale,"Mon, Mar 24, 2025",09:00 ET,Fast Lane US,2,GTR,"$1,995.00",$997.50,Y,,4,https://www.epiclearningnetwork.com/courses/registration-request/?course_id=1281&class_id=28140
EDU-220,EDU-220: EDU-220 ΓÇô Pan: Managing Firewalls at Scale,"Mon, Apr 28, 2025",09:00 ET,Fast Lane US,2,GTR,"$1,995.00",$997.50,Y,,0,https://www.epiclearningnetwork.com/courses/registration-request/?course_id=1281&class_id=28165
EDU-220,EDU-220: EDU-220 ΓÇô Pan: Managing Firewalls at Scale,"Mon, May 12, 2025",09:00 PT,Fast Lane US,2,GTR,"$1,995.00",$997.50,Y,02/07/2025,1,https://www.epiclearningnetwork.com/courses/registration-request/?course_id=1281&class_id=28170
EDU-220,EDU-220: EDU-220 ΓÇô Pan: Managing Firewalls at Scale,"Thu, Jun 05, 2025",09:00 ET,Fast Lane US,2,GTR,"$1,995.00",$997.50,Y,,0,https://www.epiclearningnetwork.com/courses/registration-request/?course_id=1281&class_id=28159
EDU-220,EDU-220: EDU-220 ΓÇô Pan: Managing Firewalls at Scale,"Thu, Jul 17, 2025",09:00 CT,Fast Lane US,2,GTR,"$1,995.00",$997.50,Y,,0,https://www.epiclearningnetwork.com/courses/registration-request/?course_id=1281&class_id=28937
EDU-220,EDU-220: EDU-220 ΓÇô Pan: Managing Firewalls at Scale,"Thu, Aug 28, 2025",09:00 PT,Fast Lane US,2,Tentative,"$1,995.00",$997.50,Y,,0,https://www.epiclearningnetwork.com/courses/registration-request/?course_id=1281&class_id=28965
EDU-220,EDU-220: EDU-220 ΓÇô Pan: Managing Firewalls at Scale,"Mon, Sep 22, 2025",09:00 CT,Fast Lane US,2,GTR,"$1,995.00",$997.50,Y,,0,https://www.epiclearningnetwork.com/courses/registration-request/?course_id=1281&class_id=28922
EDU-220,EDU-220: EDU-220 ΓÇô Pan: Managing Firewalls at Scale,"Thu, Oct 16, 2025",09:00 ET,Fast Lane US,2,GTR,"$1,995.00",$997.50,Y,,0,https://www.epiclearningnetwork.com/courses/registration-request/?course_id=1281&class_id=28925
EDU-220,EDU-220: EDU-220 ΓÇô Pan: Managing Firewalls at Scale,"Mon, Nov 03, 2025",09:00 PT,Fast Lane US,2,Tentative,"$1,995.00",$997.50,Y,,0,https://www.epiclearningnetwork.com/courses/registration-request/?course_id=1281&class_id=28960
EDU-220,EDU-220: EDU-220 ΓÇô Pan: Managing Firewalls at Scale,"Mon, Dec 08, 2025",09:00 ET,Fast Lane US,2,GTR,"$1,995.00",$997.50,Y,,0,https://www.epiclearningnetwork.com/courses/registration-request/?course_id=1281&class_id=28957
EDU-260,"EDU-260: EDU-260 ΓÇô Cortex XDR 2: Prevention, Analysis, and Response","Mon, May 05, 2025",09:00 CT,Fast Lane US,3,Tentative,"$2,995.00","$1,497.00",Y,,0,https://www.epiclearningnetwork.com/courses/registration-request/?course_id=1282&class_id=28347
EDU-260,"EDU-260: EDU-260 ΓÇô Cortex XDR 2: Prevention, Analysis, and Response","Mon, Aug 25, 2025",09:00 PT,Fast Lane US,3,Tentative,"$2,995.00","$1,497.00",Y,,0,https://www.epiclearningnetwork.com/courses/registration-request/?course_id=1282&class_id=28333
EDU-260,"EDU-260: EDU-260 ΓÇô Cortex XDR 2: Prevention, Analysis, and Response","Mon, Nov 17, 2025",09:00 CT,Fast Lane US,3,Tentative,"$2,995.00","$1,497.00",Y,,0,https://www.epiclearningnetwork.com/courses/registration-request/?course_id=1282&class_id=28328
EDU-330,EDU-330: EDU-330 ΓÇô Firewall: Troubleshooting,"Mon, Feb 24, 2025",09:00 PT,Fast Lane US,3,GTR,"$2,995.00","$1,497.00",Y,02/07/2025,4,https://www.epiclearningnetwork.com/courses/registration-request/?course_id=1285&class_id=28146
EDU-330,EDU-330: EDU-330 ΓÇô Firewall: Troubleshooting,"Wed, Mar 26, 2025",09:00 ET,Fast Lane US,3,GTR,"$2,995.00","$1,497.00",Y,02/07/2025,4,https://www.epiclearningnetwork.com/courses/registration-request/?course_id=1285&class_id=28150
EDU-330,EDU-330: EDU-330 ΓÇô Firewall: Troubleshooting,"Wed, Apr 16, 2025",09:00 CT,Fast Lane US,3,GTR,"$2,995.00","$1,497.00",Y,,1,https://www.epiclearningnetwork.com/courses/registration-request/?course_id=1285&class_id=28168
EDU-330,EDU-330: EDU-330 ΓÇô Firewall: Troubleshooting,"Wed, May 21, 2025",09:00 ET,Fast Lane US,3,GTR,"$2,995.00","$1,497.00",Y,,2,https://www.epiclearningnetwork.com/courses/registration-request/?course_id=1285&class_id=28167
EDU-330,EDU-330: EDU-330 ΓÇô Firewall: Troubleshooting,"Mon, Jun 09, 2025",09:00 PT,Fast Lane US,3,GTR,"$2,995.00","$1,497.00",Y,,0,https://www.epiclearningnetwork.com/courses/registration-request/?course_id=1285&class_id=28911
EDU-330,EDU-330: EDU-330 ΓÇô Firewall: Troubleshooting,"Mon, Jul 28, 2025",09:00 CT,Fast Lane US,3,GTR,"$2,995.00","$1,497.00",Y,,0,https://www.epiclearningnetwork.com/courses/registration-request/?course_id=1285&class_id=28945
EDU-330,EDU-330: EDU-330 ΓÇô Firewall: Troubleshooting,"Wed, Aug 06, 2025",09:00 ET,Fast Lane US,3,GTR,"$2,995.00","$1,497.00",Y,,0,https://www.epiclearningnetwork.com/courses/registration-request/?course_id=1285&class_id=28964
EDU-330,EDU-330: EDU-330 ΓÇô Firewall: Troubleshooting,"Wed, Sep 03, 2025",09:00 PT,Fast Lane US,3,Tentative,"$2,995.00","$1,497.00",Y,,0,https://www.epiclearningnetwork.com/courses/registration-request/?course_id=1285&class_id=28915
EDU-330,EDU-330: EDU-330 ΓÇô Firewall: Troubleshooting,"Mon, Oct 27, 2025",09:00 CT,Fast Lane US,3,GTR,"$2,995.00","$1,497.00",Y,,0,https://www.epiclearningnetwork.com/courses/registration-request/?course_id=1285&class_id=28913
EDU-330,EDU-330: EDU-330 ΓÇô Firewall: Troubleshooting,"Wed, Nov 19, 2025",09:00 ET,Fast Lane US,3,GTR,"$2,995.00","$1,497.00",Y,,0,https://www.epiclearningnetwork.com/courses/registration-request/?course_id=1285&class_id=28928
EDU-330,EDU-330: EDU-330 ΓÇô Firewall: Troubleshooting,"Wed, Dec 10, 2025",09:00 PT,Fast Lane US,3,Tentative,"$2,995.00","$1,497.00",Y,,0,https://www.epiclearningnetwork.com/courses/registration-request/?course_id=1285&class_id=28944
EDU-380,EDU-380: Palo Alto Networks: Cortex XSOAR 6.8: Automation and Orchestration (EDU-380),"Mon, Mar 10, 2025",09:00 CT,Fast Lane US,4,Tentative,"$3,995.00","$1,996.00",Y,,0,https://www.epiclearningnetwork.com/courses/registration-request/?course_id=1460&class_id=28139
EDU-380,EDU-380: Palo Alto Networks: Cortex XSOAR 6.8: Automation and Orchestration (EDU-380),"Mon, May 12, 2025",09:00 ET,Fast Lane US,4,Tentative,"$3,995.00","$1,996.00",Y,,0,https://www.epiclearningnetwork.com/courses/registration-request/?course_id=1460&class_id=28145
AI-102T00,AI-102T00: Designing and Implementing a Microsoft Azure AI Solution,"Tue, Mar 11, 2025",09:00 PT,Fast Lane US,4,Tentative,"$2,396.00",$600.00,N,,0,https://www.epiclearningnetwork.com/courses/registration-request/?course_id=1111&class_id=28304
AI-102T00,AI-102T00: Designing and Implementing a Microsoft Azure AI Solution,"Tue, Apr 08, 2025",09:00 ET,Fast Lane US,4,Tentative,"$2,396.00",$600.00,N,,0,https://www.epiclearningnetwork.com/courses/registration-request/?course_id=1111&class_id=28281
AI-102T00,AI-102T00: Designing and Implementing a Microsoft Azure AI Solution,"Tue, May 06, 2025",09:00 CT,Fast Lane US,4,Tentative,"$2,396.00",$600.00,N,,0,https://www.epiclearningnetwork.com/courses/registration-request/?course_id=1111&class_id=28305
AI-102T00,AI-102T00: Designing and Implementing a Microsoft Azure AI Solution,"Tue, Jun 03, 2025",09:00 PT,Fast Lane US,4,Tentative,"$2,396.00",$600.00,N,,0,https://www.epiclearningnetwork.com/courses/registration-request/?course_id=1111&class_id=28299
AI-102T00,AI-102T00: Designing and Implementing a Microsoft Azure AI Solution,"Tue, Jul 08, 2025",09:00 CT,Fast Lane US,4,Tentative,"$2,396.00",$600.00,N,,0,https://www.epiclearningnetwork.com/courses/registration-request/?course_id=1111&class_id=28292
AI-102T00,AI-102T00: Designing and Implementing a Microsoft Azure AI Solution,"Tue, Aug 12, 2025",09:00 ET,Fast Lane US,4,Tentative,"$2,396.00",$600.00,N,,0,https://www.epiclearningnetwork.com/courses/registration-request/?course_id=1111&class_id=28300
AI-102T00,AI-102T00: Designing and Implementing a Microsoft Azure AI Solution,"Tue, Sep 16, 2025",09:00 PT,Fast Lane US,4,Tentative,"$2,396.00",$600.00,N,,0,https://www.epiclearningnetwork.com/courses/registration-request/?course_id=1111&class_id=28314
AI-102T00,AI-102T00: Designing and Implementing a Microsoft Azure AI Solution,"Tue, Oct 21, 2025",09:00 CT,Fast Lane US,4,Tentative,"$2,396.00",$600.00,N,,0,https://www.epiclearningnetwork.com/courses/registration-request/?course_id=1111&class_id=28286
AI-102T00,AI-102T00: Designing and Implementing a Microsoft Azure AI Solution,"Tue, Nov 18, 2025",09:00 ET,Fast Lane US,4,Tentative,"$2,396.00",$600.00,N,,0,https://www.epiclearningnetwork.com/courses/registration-request/?course_id=1111&class_id=28279
AI-102T00,AI-102T00: Designing and Implementing a Microsoft Azure AI Solution,"Tue, Dec 09, 2025",09:00 CT,Fast Lane US,4,Tentative,"$2,396.00",$600.00,N,,0,https://www.epiclearningnetwork.com/courses/registration-request/?course_id=1111&class_id=28282
AZ-104T00,AZ-104T00: Microsoft Azure Administrator,"Mon, Mar 24, 2025",09:00 PT,Fast Lane US,4,Tentative,"$2,595.00",$600.00,N,,0,https://www.epiclearningnetwork.com/courses/registration-request/?course_id=1016&class_id=28787
AZ-104T00,AZ-104T00: Microsoft Azure Administrator,"Mon, Apr 14, 2025",09:00 CT,Fast Lane US,4,GTR,"$2,595.00",$600.00,N,,5,https://www.epiclearningnetwork.com/courses/registration-request/?course_id=1016&class_id=28788
AZ-104T00,AZ-104T00: Microsoft Azure Administrator,"Mon, May 05, 2025",09:00 ET,Fast Lane US,4,Tentative,"$2,595.00",$600.00,N,,0,https://www.epiclearningnetwork.com/courses/registration-request/?course_id=1016&class_id=28789
AZ-104T00,AZ-104T00: Microsoft Azure Administrator,"Mon, Jun 02, 2025",09:00 PT,Fast Lane US,4,GTR,"$2,595.00",$600.00,N,,1,https://www.epiclearningnetwork.com/courses/registration-request/?course_id=1016&class_id=28790
AZ-104T00,AZ-104T00: Microsoft Azure Administrator,"Mon, Jul 14, 2025",09:00 ET,Fast Lane US,4,Tentative,"$2,595.00",$600.00,N,,0,https://www.epiclearningnetwork.com/courses/registration-request/?course_id=1016&class_id=28791
AZ-104T00,AZ-104T00: Microsoft Azure Administrator,"Mon, Aug 25, 2025",09:00 CT,Fast Lane US,4,Tentative,"$2,595.00",$600.00,N,,0,https://www.epiclearningnetwork.com/courses/registration-request/?course_id=1016&class_id=28931
AZ-104T00,AZ-104T00: Microsoft Azure Administrator,"Tue, Sep 09, 2025",09:00 PT,Fast Lane US,4,Tentative,"$2,595.00",$600.00,N,,0,https://www.epiclearningnetwork.com/courses/registration-request/?course_id=1016&class_id=28929
AZ-104T00,AZ-104T00: Microsoft Azure Administrator,"Mon, Oct 06, 2025",09:00 ET,Fast Lane US,4,Tentative,"$2,595.00",$600.00,N,,0,https://www.epiclearningnetwork.com/courses/registration-request/?course_id=1016&class_id=28909
AZ-104T00,AZ-104T00: Microsoft Azure Administrator,"Mon, Nov 17, 2025",09:00 CT,Fast Lane US,4,Tentative,"$2,595.00",$600.00,N,,0,https://www.epiclearningnetwork.com/courses/registration-request/?course_id=1016&class_id=28950
AZ-104T00,AZ-104T00: Microsoft Azure Administrator,"Mon, Dec 08, 2025",09:00 ET,Fast Lane US,4,Tentative,"$2,595.00",$600.00,N,,0,https://www.epiclearningnetwork.com/courses/registration-request/?course_id=1016&class_id=28956
AZ-140T00,AZ-140T00: Configuring and Operating Windows Virtual Desktop on Microsoft Azure,"Mon, Jun 23, 2025",09:00 PT,Fast Lane US,4,GTR,"$2,595.00",$600.00,Y,,0,https://www.epiclearningnetwork.com/courses/registration-request/?course_id=1146&class_id=28793
AZ-204,AZ-204: Developing Solutions for Microsoft Azure,"Mon, Mar 10, 2025",09:00 CT,Fast Lane US,5,Tentative,"$2,795.00",$750.00,N,,0,https://www.epiclearningnetwork.com/courses/registration-request/?course_id=1009&class_id=29161
AZ-204,AZ-204: Developing Solutions for Microsoft Azure,"Mon, Apr 07, 2025",09:00 ET,Fast Lane US,5,GTR,"$2,795.00",$750.00,N,,1,https://www.epiclearningnetwork.com/courses/registration-request/?course_id=1009&class_id=29135
AZ-204,AZ-204: Developing Solutions for Microsoft Azure,"Mon, May 12, 2025",09:00 ET,Fast Lane US,5,Tentative,"$2,795.00",$750.00,N,,0,https://www.epiclearningnetwork.com/courses/registration-request/?course_id=1009&class_id=29160
AZ-204,AZ-204: Developing Solutions for Microsoft Azure,"Mon, Jun 09, 2025",09:00 PT,Fast Lane US,5,GTR,"$2,795.00",$750.00,N,,0,https://www.epiclearningnetwork.com/courses/registration-request/?course_id=1009&class_id=29156
AZ-204,AZ-204: Developing Solutions for Microsoft Azure,"Mon, Jul 21, 2025",09:00 PT,Fast Lane US,5,Tentative,"$2,795.00",$750.00,N,,0,https://www.epiclearningnetwork.com/courses/registration-request/?course_id=1009&class_id=29167
AZ-204,AZ-204: Developing Solutions for Microsoft Azure,"Mon, Aug 18, 2025",09:00 CT,Fast Lane US,5,Tentative,"$2,795.00",$750.00,N,,0,https://www.epiclearningnetwork.com/courses/registration-request/?course_id=1009&class_id=29134
AZ-204,AZ-204: Developing Solutions for Microsoft Azure,"Mon, Sep 22, 2025",09:00 ET,Fast Lane US,5,Tentative,"$2,795.00",$750.00,N,,0,https://www.epiclearningnetwork.com/courses/registration-request/?course_id=1009&class_id=29164
AZ-204,AZ-204: Developing Solutions for Microsoft Azure,"Mon, Nov 03, 2025",09:00 CT,Fast Lane US,5,Tentative,"$2,795.00",$750.00,N,,0,https://www.epiclearningnetwork.com/courses/registration-request/?course_id=1009&class_id=29152
AZ-204,AZ-204: Developing Solutions for Microsoft Azure,"Mon, Dec 01, 2025",09:00 CT,Fast Lane US,5,Tentative,"$2,795.00",$750.00,N,,0,https://www.epiclearningnetwork.com/courses/registration-request/?course_id=1009&class_id=29153
AZ-500,AZ-500: Microsoft Azure Security Technologies,"Mon, Feb 24, 2025",09:00 CT,Fast Lane US,4,Tentative,"$2,795.00",$600.00,N,,0,https://www.epiclearningnetwork.com/courses/registration-request/?course_id=978&class_id=28141
AZ-500,AZ-500: Microsoft Azure Security Technologies,"Mon, Mar 17, 2025",09:00 PT,Fast Lane US,4,Tentative,"$2,795.00",$600.00,N,,0,https://www.epiclearningnetwork.com/courses/registration-request/?course_id=978&class_id=28143
AZ-500,AZ-500: Microsoft Azure Security Technologies,"Mon, Apr 21, 2025",09:00 ET,Fast Lane US,4,Tentative,"$2,795.00",$600.00,N,,0,https://www.epiclearningnetwork.com/courses/registration-request/?course_id=978&class_id=28157
AZ-500,AZ-500: Microsoft Azure Security Technologies,"Mon, May 12, 2025",09:00 CT,Fast Lane US,4,Tentative,"$2,795.00",$600.00,N,,0,https://www.epiclearningnetwork.com/courses/registration-request/?course_id=978&class_id=28148
AZ-500,AZ-500: Microsoft Azure Security Technologies,"Mon, Jun 09, 2025",09:00 PT,Fast Lane US,4,Tentative,"$2,795.00",$600.00,N,,0,https://www.epiclearningnetwork.com/courses/registration-request/?course_id=978&class_id=28152
AZ-900T00,AZ-900T00: Microsoft Azure Fundamentals,"Mon, Mar 03, 2025",09:00 ET,Fast Lane US,1,GTR,$595.00,$150.00,N,,4,https://www.epiclearningnetwork.com/courses/registration-request/?course_id=1011&class_id=29119
AZ-900T00,AZ-900T00: Microsoft Azure Fundamentals,"Mon, Mar 31, 2025",09:00 PT,Fast Lane US,1,Tentative,$595.00,$150.00,N,,0,https://www.epiclearningnetwork.com/courses/registration-request/?course_id=1011&class_id=29114
AZ-900T00,AZ-900T00: Microsoft Azure Fundamentals,"Mon, Apr 28, 2025",09:00 CT,Fast Lane US,1,GTR,$595.00,$150.00,N,,0,https://www.epiclearningnetwork.com/courses/registration-request/?course_id=1011&class_id=29105
AZ-900T00,AZ-900T00: Microsoft Azure Fundamentals,"Fri, May 16, 2025",09:00 PT,Fast Lane US,1,Tentative,$595.00,$150.00,N,,0,https://www.epiclearningnetwork.com/courses/registration-request/?course_id=1011&class_id=29101
AZ-900T00,AZ-900T00: Microsoft Azure Fundamentals,"Mon, Jun 23, 2025",09:00 ET,Fast Lane US,1,GTR,$595.00,$150.00,N,,0,https://www.epiclearningnetwork.com/courses/registration-request/?course_id=1011&class_id=29091
AZ-900T00,AZ-900T00: Microsoft Azure Fundamentals,"Thu, Jul 10, 2025",09:00 CT,Fast Lane US,1,Tentative,$595.00,$150.00,N,,0,https://www.epiclearningnetwork.com/courses/registration-request/?course_id=1011&class_id=29102
AZ-900T00,AZ-900T00: Microsoft Azure Fundamentals,"Fri, Aug 15, 2025",09:00 ET,Fast Lane US,1,Tentative,$595.00,$150.00,N,,0,https://www.epiclearningnetwork.com/courses/registration-request/?course_id=1011&class_id=29115
AZ-900T00,AZ-900T00: Microsoft Azure Fundamentals,"Mon, Sep 08, 2025",09:00 PT,Fast Lane US,1,Tentative,$595.00,$150.00,N,,0,https://www.epiclearningnetwork.com/courses/registration-request/?course_id=1011&class_id=29126
AZ-900T00,AZ-900T00: Microsoft Azure Fundamentals,"Fri, Oct 10, 2025",09:00 CT,Fast Lane US,1,Tentative,$595.00,$150.00,N,,0,https://www.epiclearningnetwork.com/courses/registration-request/?course_id=1011&class_id=29125
AZ-900T00,AZ-900T00: Microsoft Azure Fundamentals,"Fri, Nov 07, 2025",09:00 CT,Fast Lane US,1,Tentative,$595.00,$150.00,N,,0,https://www.epiclearningnetwork.com/courses/registration-request/?course_id=1011&class_id=29112
AZ-900T00,AZ-900T00: Microsoft Azure Fundamentals,"Mon, Dec 01, 2025",09:00 ET,Fast Lane US,1,Tentative,$595.00,$150.00,N,,0,https://www.epiclearningnetwork.com/courses/registration-request/?course_id=1011&class_id=29096
DP-100T01,DP-100T01: Designing and Implementing a Data Science Solution on Azure,"Tue, Mar 25, 2025",09:00 PT,Fast Lane US,4,Tentative,"$2,595.00",$600.00,Y,,1,https://www.epiclearningnetwork.com/courses/registration-request/?course_id=1519&class_id=28368
DP-100T01,DP-100T01: Designing and Implementing a Data Science Solution on Azure,"Mon, Apr 28, 2025",09:00 CT,Fast Lane US,4,GTR,"$2,595.00",$600.00,Y,,0,https://www.epiclearningnetwork.com/courses/registration-request/?course_id=1519&class_id=29088
DP-100T01,DP-100T01: Designing and Implementing a Data Science Solution on Azure,"Tue, May 06, 2025",09:00 ET,Fast Lane US,4,Cancelled,"$2,595.00",$600.00,Y,02/14/2025,0,
DP-100T01,DP-100T01: Designing and Implementing a Data Science Solution on Azure,"Tue, May 27, 2025",09:00 ET,Fast Lane US,4,Tentative,"$2,595.00",$600.00,Y,,0,https://www.epiclearningnetwork.com/courses/registration-request/?course_id=1519&class_id=29117
DP-100T01,DP-100T01: Designing and Implementing a Data Science Solution on Azure,"Mon, Jun 23, 2025",09:00 ET,Fast Lane US,4,Tentative,"$2,595.00",$600.00,Y,,0,https://www.epiclearningnetwork.com/courses/registration-request/?course_id=1519&class_id=29116
DP-100T01,DP-100T01: Designing and Implementing a Data Science Solution on Azure,"Tue, Jul 15, 2025",09:00 ET,Fast Lane US,4,Tentative,"$2,595.00",$600.00,Y,,0,https://www.epiclearningnetwork.com/courses/registration-request/?course_id=1519&class_id=28358
DP-100T01,DP-100T01: Designing and Implementing a Data Science Solution on Azure,"Mon, Aug 18, 2025",09:00 CT,Fast Lane US,4,Tentative,"$2,595.00",$600.00,Y,,0,https://www.epiclearningnetwork.com/courses/registration-request/?course_id=1519&class_id=29121
DP-100T01,DP-100T01: Designing and Implementing a Data Science Solution on Azure,"Tue, Sep 02, 2025",09:00 PT,Fast Lane US,4,Tentative,"$2,595.00",$600.00,Y,,0,https://www.epiclearningnetwork.com/courses/registration-request/?course_id=1519&class_id=28366
DP-100T01,DP-100T01: Designing and Implementing a Data Science Solution on Azure,"Tue, Oct 14, 2025",09:00 CT,Fast Lane US,4,Tentative,"$2,595.00",$600.00,Y,,0,https://www.epiclearningnetwork.com/courses/registration-request/?course_id=1519&class_id=29111
DP-100T01,DP-100T01: Designing and Implementing a Data Science Solution on Azure,"Tue, Nov 18, 2025",09:00 CT,Fast Lane US,4,Tentative,"$2,595.00",$600.00,Y,,0,https://www.epiclearningnetwork.com/courses/registration-request/?course_id=1519&class_id=28325
DP-100T01,DP-100T01: Designing and Implementing a Data Science Solution on Azure,"Mon, Dec 08, 2025",09:00 PT,Fast Lane US,4,Tentative,"$2,595.00",$600.00,Y,,0,https://www.epiclearningnetwork.com/courses/registration-request/?course_id=1519&class_id=29106
DP-203T00,DP-203T00: Data Engineering on Microsoft Azure,"Tue, Mar 25, 2025",09:00 PT,Fast Lane US,4,Tentative,"$2,396.00",$600.00,N,,0,https://www.epiclearningnetwork.com/courses/registration-request/?course_id=1147&class_id=28360
DP-203T00,DP-203T00: Data Engineering on Microsoft Azure,"Tue, May 06, 2025",09:00 ET,Fast Lane US,4,Tentative,"$2,396.00",$600.00,N,,0,https://www.epiclearningnetwork.com/courses/registration-request/?course_id=1147&class_id=28339
DP-203T00,DP-203T00: Data Engineering on Microsoft Azure,"Tue, Jul 15, 2025",09:00 ET,Fast Lane US,4,Tentative,"$2,396.00",$600.00,N,,0,https://www.epiclearningnetwork.com/courses/registration-request/?course_id=1147&class_id=28354
DP-203T00,DP-203T00: Data Engineering on Microsoft Azure,"Tue, Sep 02, 2025",09:00 PT,Fast Lane US,4,Tentative,"$2,396.00",$600.00,N,,0,https://www.epiclearningnetwork.com/courses/registration-request/?course_id=1147&class_id=28362
DP-203T00,DP-203T00: Data Engineering on Microsoft Azure,"Tue, Nov 18, 2025",09:00 CT,Fast Lane US,4,Tentative,"$2,396.00",$600.00,N,,0,https://www.epiclearningnetwork.com/courses/registration-request/?course_id=1147&class_id=28332
DP-300T00,DP-300T00: Administering Microsoft Azure SQL Solutions,"Tue, Mar 04, 2025",09:00 CT,Fast Lane US,4,Tentative,"$2,595.00",$600.00,N,,0,https://www.epiclearningnetwork.com/courses/registration-request/?course_id=1045&class_id=28794
DP-300T00,DP-300T00: Administering Microsoft Azure SQL Solutions,"Tue, Apr 01, 2025",09:00 ET,Fast Lane US,4,Tentative,"$2,595.00",$600.00,N,,0,https://www.epiclearningnetwork.com/courses/registration-request/?course_id=1045&class_id=28795
DP-300T00,DP-300T00: Administering Microsoft Azure SQL Solutions,"Tue, May 06, 2025",09:00 PT,Fast Lane US,4,Tentative,"$2,595.00",$600.00,N,,0,https://www.epiclearningnetwork.com/courses/registration-request/?course_id=1045&class_id=28796
DP-300T00,DP-300T00: Administering Microsoft Azure SQL Solutions,"Mon, Jun 09, 2025",09:00 ET,Fast Lane US,4,GTR,"$2,595.00",$600.00,N,,0,https://www.epiclearningnetwork.com/courses/registration-request/?course_id=1045&class_id=28797
DP-300T00,DP-300T00: Administering Microsoft Azure SQL Solutions,"Mon, Jul 07, 2025",09:00 CT,Fast Lane US,4,Tentative,"$2,595.00",$600.00,N,,0,https://www.epiclearningnetwork.com/courses/registration-request/?course_id=1045&class_id=28798
DP-300T00,DP-300T00: Administering Microsoft Azure SQL Solutions,"Tue, Sep 09, 2025",09:00 PT,Fast Lane US,4,Tentative,"$2,595.00",$600.00,N,,0,https://www.epiclearningnetwork.com/courses/registration-request/?course_id=1045&class_id=29170
DP-300T00,DP-300T00: Administering Microsoft Azure SQL Solutions,"Mon, Nov 17, 2025",09:00 ET,Fast Lane US,4,Tentative,"$2,595.00",$600.00,N,,0,https://www.epiclearningnetwork.com/courses/registration-request/?course_id=1045&class_id=29163
DP-300T00,DP-300T00: Administering Microsoft Azure SQL Solutions,"Tue, Dec 02, 2025",09:00 CT,Fast Lane US,4,Tentative,"$2,595.00",$600.00,N,,0,https://www.epiclearningnetwork.com/courses/registration-request/?course_id=1045&class_id=29150
DP-900T00,DP-900T00: Microsoft Azure Data Fundamentals,"Tue, Feb 25, 2025",09:00 ET,Fast Lane US,1,Tentative,$595.00,$150.00,N,,1,https://www.epiclearningnetwork.com/courses/registration-request/?course_id=1046&class_id=28968
DP-900T00,DP-900T00: Microsoft Azure Data Fundamentals,"Tue, Mar 18, 2025",09:00 PT,Fast Lane US,1,GTR,$595.00,$150.00,N,,1,https://www.epiclearningnetwork.com/courses/registration-request/?course_id=1046&class_id=28923
DP-900T00,DP-900T00: Microsoft Azure Data Fundamentals,"Tue, Apr 15, 2025",09:00 CT,Fast Lane US,1,Tentative,$595.00,$150.00,N,,0,https://www.epiclearningnetwork.com/courses/registration-request/?course_id=1046&class_id=28948
DP-900T00,DP-900T00: Microsoft Azure Data Fundamentals,"Tue, May 13, 2025",09:00 ET,Fast Lane US,1,GTR,$595.00,$150.00,N,,0,https://www.epiclearningnetwork.com/courses/registration-request/?course_id=1046&class_id=28966
DP-900T00,DP-900T00: Microsoft Azure Data Fundamentals,"Tue, Jun 03, 2025",09:00 PT,Fast Lane US,1,Tentative,$595.00,$150.00,N,,0,https://www.epiclearningnetwork.com/courses/registration-request/?course_id=1046&class_id=28940
DP-900T00,DP-900T00: Microsoft Azure Data Fundamentals,"Tue, Jul 08, 2025",09:00 ET,Fast Lane US,1,Tentative,$595.00,$150.00,N,,0,https://www.epiclearningnetwork.com/courses/registration-request/?course_id=1046&class_id=28903
DP-900T00,DP-900T00: Microsoft Azure Data Fundamentals,"Tue, Aug 05, 2025",09:00 PT,Fast Lane US,1,Tentative,$595.00,$150.00,N,,0,https://www.epiclearningnetwork.com/courses/registration-request/?course_id=1046&class_id=28935
DP-900T00,DP-900T00: Microsoft Azure Data Fundamentals,"Tue, Sep 16, 2025",09:00 ET,Fast Lane US,1,Tentative,$595.00,$150.00,N,,0,https://www.epiclearningnetwork.com/courses/registration-request/?course_id=1046&class_id=28967
DP-900T00,DP-900T00: Microsoft Azure Data Fundamentals,"Tue, Oct 07, 2025",09:00 CT,Fast Lane US,1,Tentative,$595.00,$150.00,N,,0,https://www.epiclearningnetwork.com/courses/registration-request/?course_id=1046&class_id=28927
DP-900T00,DP-900T00: Microsoft Azure Data Fundamentals,"Tue, Nov 04, 2025",09:00 ET,Fast Lane US,1,Tentative,$595.00,$150.00,N,,0,https://www.epiclearningnetwork.com/courses/registration-request/?course_id=1046&class_id=28904
DP-900T00,DP-900T00: Microsoft Azure Data Fundamentals,"Tue, Dec 02, 2025",09:00 PT,Fast Lane US,1,Tentative,$595.00,$150.00,N,,0,https://www.epiclearningnetwork.com/courses/registration-request/?course_id=1046&class_id=28921
DP-900T00,DP-900T00: Microsoft Azure Data Fundamentals,"Mon, Dec 29, 2025",09:00 ET,Fast Lane US,1,Tentative,$595.00,$150.00,N,,0,https://www.epiclearningnetwork.com/courses/registration-request/?course_id=1046&class_id=28953
MD-102T00,MD-102T00: Microsoft 365 Endpoint Administrator,"Mon, Feb 24, 2025",09:00 ET,Fast Lane US,5,Tentative,"$2,995.00",$750.00,Y,,0,https://www.epiclearningnetwork.com/courses/registration-request/?course_id=1513&class_id=28142
MD-102T00,MD-102T00: Microsoft 365 Endpoint Administrator,"Mon, Mar 17, 2025",09:00 PT,Fast Lane US,5,Tentative,"$2,995.00",$750.00,Y,,0,https://www.epiclearningnetwork.com/courses/registration-request/?course_id=1513&class_id=28166
MD-102T00,MD-102T00: Microsoft 365 Endpoint Administrator,"Mon, Apr 07, 2025",09:00 CT,Fast Lane US,5,Tentative,"$2,995.00",$750.00,Y,,0,https://www.epiclearningnetwork.com/courses/registration-request/?course_id=1513&class_id=28160
MD-102T00,MD-102T00: Microsoft 365 Endpoint Administrator,"Mon, May 05, 2025",09:00 ET,Fast Lane US,5,Tentative,"$2,995.00",$750.00,Y,,0,https://www.epiclearningnetwork.com/courses/registration-request/?course_id=1513&class_id=28144
MS-102T00,MS-102T00: Microsoft 365 Administrator Essentials,"Mon, Mar 10, 2025",09:00 CT,Fast Lane US,5,GTR,"$2,995.00",$750.00,Y,02/07/2025,2,https://www.epiclearningnetwork.com/courses/registration-request/?course_id=1518&class_id=28138
MS-102T00,MS-102T00: Microsoft 365 Administrator Essentials,"Mon, Apr 07, 2025",09:00 PT,Fast Lane US,5,GTR,"$2,995.00",$750.00,Y,02/07/2025,1,https://www.epiclearningnetwork.com/courses/registration-request/?course_id=1518&class_id=28147
MS-102T00,MS-102T00: Microsoft 365 Administrator Essentials,"Mon, May 12, 2025",09:00 ET,Fast Lane US,5,Tentative,"$2,995.00",$750.00,Y,,0,https://www.epiclearningnetwork.com/courses/registration-request/?course_id=1518&class_id=28137
MS-102T00,MS-102T00: Microsoft 365 Administrator Essentials,"Mon, Jun 09, 2025",09:00 CT,Fast Lane US,5,GTR,"$2,995.00",$750.00,Y,02/07/2025,0,https://www.epiclearningnetwork.com/courses/registration-request/?course_id=1518&class_id=28135
MS-102T00,MS-102T00: Microsoft 365 Administrator Essentials,"Mon, Jul 21, 2025",09:00 PT,Fast Lane US,5,Tentative,"$2,995.00",$750.00,Y,,0,https://www.epiclearningnetwork.com/courses/registration-request/?course_id=1518&class_id=28938
MS-900T01,MS-900T01: Microsoft 365 Fundamentals,"Wed, Mar 19, 2025",09:00 PT,Fast Lane US,1,Tentative,$595.00,$150.00,N,,0,https://www.epiclearningnetwork.com/courses/registration-request/?course_id=974&class_id=29089
MS-900T01,MS-900T01: Microsoft 365 Fundamentals,"Wed, Apr 16, 2025",09:00 CT,Fast Lane US,1,GTR,$595.00,$150.00,N,,0,https://www.epiclearningnetwork.com/courses/registration-request/?course_id=974&class_id=29124
MS-900T01,MS-900T01: Microsoft 365 Fundamentals,"Wed, May 14, 2025",09:00 ET,Fast Lane US,1,Tentative,$595.00,$150.00,N,,0,https://www.epiclearningnetwork.com/courses/registration-request/?course_id=974&class_id=29097
MS-900T01,MS-900T01: Microsoft 365 Fundamentals,"Wed, Jun 04, 2025",09:00 PT,Fast Lane US,1,GTR,$595.00,$150.00,N,,0,https://www.epiclearningnetwork.com/courses/registration-request/?course_id=974&class_id=29110
MS-900T01,MS-900T01: Microsoft 365 Fundamentals,"Wed, Jul 09, 2025",09:00 ET,Fast Lane US,1,Tentative,$595.00,$150.00,N,,0,https://www.epiclearningnetwork.com/courses/registration-request/?course_id=974&class_id=29090
MS-900T01,MS-900T01: Microsoft 365 Fundamentals,"Wed, Aug 06, 2025",09:00 PT,Fast Lane US,1,Tentative,$595.00,$150.00,N,,0,https://www.epiclearningnetwork.com/courses/registration-request/?course_id=974&class_id=29098
MS-900T01,MS-900T01: Microsoft 365 Fundamentals,"Wed, Sep 17, 2025",09:00 ET,Fast Lane US,1,Tentative,$595.00,$150.00,N,,0,https://www.epiclearningnetwork.com/courses/registration-request/?course_id=974&class_id=29113
MS-900T01,MS-900T01: Microsoft 365 Fundamentals,"Wed, Oct 08, 2025",09:00 CT,Fast Lane US,1,Tentative,$595.00,$150.00,N,,0,https://www.epiclearningnetwork.com/courses/registration-request/?course_id=974&class_id=29120
MS-900T01,MS-900T01: Microsoft 365 Fundamentals,"Wed, Nov 05, 2025",09:00 ET,Fast Lane US,1,Tentative,$595.00,$150.00,N,,0,https://www.epiclearningnetwork.com/courses/registration-request/?course_id=974&class_id=29093
MS-900T01,MS-900T01: Microsoft 365 Fundamentals,"Wed, Dec 17, 2025",09:00 PT,Fast Lane US,1,Tentative,$595.00,$150.00,N,,0,https://www.epiclearningnetwork.com/courses/registration-request/?course_id=974&class_id=29099
SC-200T00,SC-200T00: Microsoft Security Operations Analyst,"Tue, Feb 25, 2025",09:00 CT,Fast Lane US,4,Tentative,"$2,396.00",$600.00,N,,0,https://www.epiclearningnetwork.com/courses/registration-request/?course_id=1143&class_id=28156
SC-200T00,SC-200T00: Microsoft Security Operations Analyst,"Tue, Mar 18, 2025",09:00 PT,Fast Lane US,4,Tentative,"$2,396.00",$600.00,N,,0,https://www.epiclearningnetwork.com/courses/registration-request/?course_id=1143&class_id=28151
SC-200T00,SC-200T00: Microsoft Security Operations Analyst,"Tue, Apr 22, 2025",09:00 ET,Fast Lane US,4,Tentative,"$2,396.00",$600.00,N,,0,https://www.epiclearningnetwork.com/courses/registration-request/?course_id=1143&class_id=28163
SC-200T00,SC-200T00: Microsoft Security Operations Analyst,"Tue, May 13, 2025",09:00 CT,Fast Lane US,4,Tentative,"$2,396.00",$600.00,N,,0,https://www.epiclearningnetwork.com/courses/registration-request/?course_id=1143&class_id=28155
SC-300T00,SC-300T00: Microsoft Identity and Access Administrator,"Tue, Mar 11, 2025",09:00 CT,Fast Lane US,4,Tentative,"$2,396.00",$600.00,N,,0,https://www.epiclearningnetwork.com/courses/registration-request/?course_id=1144&class_id=28340
SC-300T00,SC-300T00: Microsoft Identity and Access Administrator,"Tue, Apr 01, 2025",09:00 PT,Fast Lane US,4,Tentative,"$2,396.00",$600.00,N,,0,https://www.epiclearningnetwork.com/courses/registration-request/?course_id=1144&class_id=28359
SC-300T00,SC-300T00: Microsoft Identity and Access Administrator,"Tue, May 13, 2025",09:00 ET,Fast Lane US,4,Tentative,"$2,396.00",$600.00,N,,0,https://www.epiclearningnetwork.com/courses/registration-request/?course_id=1144&class_id=28361
SC-300T00,SC-300T00: Microsoft Identity and Access Administrator,"Tue, Jun 24, 2025",09:00 CT,Fast Lane US,4,Tentative,"$2,396.00",$600.00,N,,0,https://www.epiclearningnetwork.com/courses/registration-request/?course_id=1144&class_id=28331
SC-300T00,SC-300T00: Microsoft Identity and Access Administrator,"Tue, Jul 22, 2025",09:00 PT,Fast Lane US,4,Tentative,"$2,396.00",$600.00,N,,0,https://www.epiclearningnetwork.com/courses/registration-request/?course_id=1144&class_id=28351
SC-300T00,SC-300T00: Microsoft Identity and Access Administrator,"Tue, Aug 12, 2025",09:00 CT,Fast Lane US,4,Tentative,"$2,396.00",$600.00,N,,0,https://www.epiclearningnetwork.com/courses/registration-request/?course_id=1144&class_id=28329
SC-300T00,SC-300T00: Microsoft Identity and Access Administrator,"Tue, Sep 23, 2025",09:00 ET,Fast Lane US,4,Tentative,"$2,396.00",$600.00,N,,0,https://www.epiclearningnetwork.com/courses/registration-request/?course_id=1144&class_id=28324
SC-300T00,SC-300T00: Microsoft Identity and Access Administrator,"Mon, Oct 06, 2025",09:00 PT,Fast Lane US,4,Tentative,"$2,396.00",$600.00,N,,0,https://www.epiclearningnetwork.com/courses/registration-request/?course_id=1144&class_id=28334
SC-300T00,SC-300T00: Microsoft Identity and Access Administrator,"Mon, Nov 17, 2025",09:00 ET,Fast Lane US,4,Tentative,"$2,396.00",$600.00,N,,0,https://www.epiclearningnetwork.com/courses/registration-request/?course_id=1144&class_id=28341
SC-300T00,SC-300T00: Microsoft Identity and Access Administrator,"Tue, Dec 02, 2025",09:00 CT,Fast Lane US,4,Tentative,"$2,396.00",$600.00,N,,0,https://www.epiclearningnetwork.com/courses/registration-request/?course_id=1144&class_id=28343
SC-400T00,SC-400T00: Microsoft Information Protection Administrator,"Tue, Mar 04, 2025",09:00 PT,Fast Lane US,4,Tentative,"$2,595.00",$600.00,Y,,0,https://www.epiclearningnetwork.com/courses/registration-request/?course_id=1137&class_id=29142
SC-400T00,SC-400T00: Microsoft Information Protection Administrator,"Tue, Apr 08, 2025",09:00 CT,Fast Lane US,4,GTR,"$2,595.00",$600.00,Y,,0,https://www.epiclearningnetwork.com/courses/registration-request/?course_id=1137&class_id=29138
SC-400T00,SC-400T00: Microsoft Information Protection Administrator,"Tue, May 06, 2025",09:00 ET,Fast Lane US,4,Tentative,"$2,595.00",$600.00,Y,,0,https://www.epiclearningnetwork.com/courses/registration-request/?course_id=1137&class_id=29132
SC-400T00,SC-400T00: Microsoft Information Protection Administrator,"Mon, Jun 09, 2025",09:00 PT,Fast Lane US,4,Tentative,"$2,595.00",$600.00,Y,,0,https://www.epiclearningnetwork.com/courses/registration-request/?course_id=1137&class_id=29137
SC-400T00,SC-400T00: Microsoft Information Protection Administrator,"Mon, Jul 14, 2025",09:00 ET,Fast Lane US,4,Tentative,"$2,595.00",$600.00,Y,,0,https://www.epiclearningnetwork.com/courses/registration-request/?course_id=1137&class_id=29140
SC-400T00,SC-400T00: Microsoft Information Protection Administrator,"Tue, Aug 19, 2025",09:00 CT,Fast Lane US,4,Tentative,"$2,595.00",$600.00,Y,,0,https://www.epiclearningnetwork.com/courses/registration-request/?course_id=1137&class_id=29172
SC-400T00,SC-400T00: Microsoft Information Protection Administrator,"Mon, Sep 08, 2025",09:00 ET,Fast Lane US,4,Tentative,"$2,595.00",$600.00,Y,,0,https://www.epiclearningnetwork.com/courses/registration-request/?course_id=1137&class_id=29162
SC-400T00,SC-400T00: Microsoft Information Protection Administrator,"Mon, Oct 06, 2025",09:00 PT,Fast Lane US,4,Tentative,"$2,595.00",$600.00,Y,,0,https://www.epiclearningnetwork.com/courses/registration-request/?course_id=1137&class_id=29159
SC-400T00,SC-400T00: Microsoft Information Protection Administrator,"Tue, Nov 04, 2025",09:00 CT,Fast Lane US,4,Tentative,"$2,595.00",$600.00,Y,,0,https://www.epiclearningnetwork.com/courses/registration-request/?course_id=1137&class_id=29168
SC-400T00,SC-400T00: Microsoft Information Protection Administrator,"Mon, Dec 15, 2025",09:00 ET,Fast Lane US,4,Tentative,"$2,595.00",$600.00,Y,,0,https://www.epiclearningnetwork.com/courses/registration-request/?course_id=1137&class_id=29144
PL-900T00,PL-900T00: Microsoft Power Platform Fundamentals,"Fri, May 02, 2025",09:00 PT,Fast Lane US,1,GTR,$695.00,$150.00,N,,0,https://www.epiclearningnetwork.com/courses/registration-request/?course_id=1060&class_id=29148
PL-900T00,PL-900T00: Microsoft Power Platform Fundamentals,"Fri, Jul 11, 2025",09:00 CT,Fast Lane US,1,Tentative,$695.00,$150.00,N,,0,https://www.epiclearningnetwork.com/courses/registration-request/?course_id=1060&class_id=29166
PL-900T00,PL-900T00: Microsoft Power Platform Fundamentals,"Tue, Sep 09, 2025",09:00 PT,Fast Lane US,1,Tentative,$695.00,$150.00,N,,0,https://www.epiclearningnetwork.com/courses/registration-request/?course_id=1060&class_id=29171
PL-900T00,PL-900T00: Microsoft Power Platform Fundamentals,"Tue, Dec 02, 2025",09:00 ET,Fast Lane US,1,Tentative,$695.00,$150.00,N,,0,https://www.epiclearningnetwork.com/courses/registration-request/?course_id=1060&class_id=29143
AZ-801T00,AZ-801T00: Configuring Windows Server Hybrid Advanced Services,"Mon, Mar 24, 2025",09:00 PT,Fast Lane US,4,Tentative,"$2,370.00",$600.00,N,,0,https://www.epiclearningnetwork.com/courses/registration-request/?course_id=1269&class_id=28365
AZ-801T00,AZ-801T00: Configuring Windows Server Hybrid Advanced Services,"Mon, May 05, 2025",09:00 ET,Fast Lane US,4,Tentative,"$2,370.00",$600.00,N,,0,https://www.epiclearningnetwork.com/courses/registration-request/?course_id=1269&class_id=28348
AZ-801T00,AZ-801T00: Configuring Windows Server Hybrid Advanced Services,"Mon, Jul 14, 2025",09:00 ET,Fast Lane US,4,Tentative,"$2,370.00",$600.00,N,,0,https://www.epiclearningnetwork.com/courses/registration-request/?course_id=1269&class_id=28346
AZ-801T00,AZ-801T00: Configuring Windows Server Hybrid Advanced Services,"Tue, Sep 09, 2025",09:00 PT,Fast Lane US,4,Tentative,"$2,370.00",$600.00,N,,0,https://www.epiclearningnetwork.com/courses/registration-request/?course_id=1269&class_id=28342
AZ-801T00,AZ-801T00: Configuring Windows Server Hybrid Advanced Services,"Mon, Nov 17, 2025",09:00 CT,Fast Lane US,4,Tentative,"$2,370.00",$600.00,N,,0,https://www.epiclearningnetwork.com/courses/registration-request/?course_id=1269&class_id=28350
AI-900T00,AI-900T00: Microsoft Azure AI Fundamentals,"Mon, Feb 24, 2025",09:00 ET,Fast Lane US,1,Tentative,$599.00,$150.00,Y,,1,https://www.epiclearningnetwork.com/courses/registration-request/?course_id=1108&class_id=28941
AI-900T00,AI-900T00: Microsoft Azure AI Fundamentals,"Mon, Mar 17, 2025",09:00 PT,Fast Lane US,1,Tentative,$599.00,$150.00,Y,,0,https://www.epiclearningnetwork.com/courses/registration-request/?course_id=1108&class_id=28919
AI-900T00,AI-900T00: Microsoft Azure AI Fundamentals,"Mon, Apr 14, 2025",09:00 CT,Fast Lane US,1,GTR,$599.00,$150.00,Y,,0,https://www.epiclearningnetwork.com/courses/registration-request/?course_id=1108&class_id=28949
AI-900T00,AI-900T00: Microsoft Azure AI Fundamentals,"Mon, May 12, 2025",09:00 ET,Fast Lane US,1,Tentative,$599.00,$150.00,Y,,0,https://www.epiclearningnetwork.com/courses/registration-request/?course_id=1108&class_id=28906
AI-900T00,AI-900T00: Microsoft Azure AI Fundamentals,"Mon, Jun 02, 2025",09:00 PT,Fast Lane US,1,GTR,$599.00,$150.00,Y,,0,https://www.epiclearningnetwork.com/courses/registration-request/?course_id=1108&class_id=28905
AI-900T00,AI-900T00: Microsoft Azure AI Fundamentals,"Mon, Jul 07, 2025",09:00 ET,Fast Lane US,1,Tentative,$599.00,$150.00,Y,,0,https://www.epiclearningnetwork.com/courses/registration-request/?course_id=1108&class_id=28932
AI-900T00,AI-900T00: Microsoft Azure AI Fundamentals,"Mon, Aug 04, 2025",09:00 PT,Fast Lane US,1,Tentative,$599.00,$150.00,Y,,0,https://www.epiclearningnetwork.com/courses/registration-request/?course_id=1108&class_id=28916
AI-900T00,AI-900T00: Microsoft Azure AI Fundamentals,"Mon, Sep 15, 2025",09:00 ET,Fast Lane US,1,Tentative,$599.00,$150.00,Y,,0,https://www.epiclearningnetwork.com/courses/registration-request/?course_id=1108&class_id=28970
AI-900T00,AI-900T00: Microsoft Azure AI Fundamentals,"Mon, Oct 06, 2025",09:00 CT,Fast Lane US,1,Tentative,$599.00,$150.00,Y,,0,https://www.epiclearningnetwork.com/courses/registration-request/?course_id=1108&class_id=28946
AI-900T00,AI-900T00: Microsoft Azure AI Fundamentals,"Mon, Nov 03, 2025",09:00 ET,Fast Lane US,1,Tentative,$599.00,$150.00,Y,,0,https://www.epiclearningnetwork.com/courses/registration-request/?course_id=1108&class_id=28943
AI-900T00,AI-900T00: Microsoft Azure AI Fundamentals,"Mon, Dec 15, 2025",09:00 PT,Fast Lane US,1,Tentative,$599.00,$150.00,Y,,0,https://www.epiclearningnetwork.com/courses/registration-request/?course_id=1108&class_id=28958
